Ventas,,,,,,,,,,,,,,,,,,,,,,,,,,,,,,,,,,,,,,,,,,,,,,,,,,,,,,,,,,,,,,,,,,,,,,,,,,,,,,,,,,,,,,,,,,,,,,,,
,,,,,,,,,,,,,,,,,,,,,,,,,,,,,,,,,,,,,,,,,,,,,,,,,,,,,,,,,,,,,,,,,,,,,,,,,,,,,,,,,,,,,,,,,,,,,,,,
,,,,,,,,,,,,,,,,,,,,,,,,,,,,,,,,,,,,,,,,,,,,,,,,,,,,,,,,,,,,,,,,,,,,,,,,,,,,,,,,,,,,,,,,,,,,,,,,
Indicador Cumplimiento ,,,,,,,,,,,,,,,,,,,,,,,,,,,,,,,,,,,,,,,,,,,,,,,,,,,,,,,,,,,,,,,,,,,,,,,,,,,,,,,,,,,,,,,,,,,,,,,,
,2024,,,,,,,,,,,,2025,,,,,,,,,,,,2026,,,,,,,,,,,,,,,,,,,,,,,,,,,,,,,,,,,,,,,,,,,,,,,,,,,,,,,,,,,,,,,,,,,,,,,
Indicador,Enero,Febrero,Marzo,Abril,Mayo,Junio,Julio,Agosto,Septiembre,Octubre,Noviembre,Diciembre,Enero,Febrero ,Marzo ,Abril ,Mayo ,Junio ,Julio ,Agosto,Septiembre,Octubre,Noviembre,Diciembre,Enero ,Febrero,Marzo,Abril ,Mayo,Junio,Julio ,Total Interno,,,,,,,,,,,,,,,,,,,,,,,,,,,,,,,,,,,,,,,,,,,,,,,,,,,,,,,,,,,,,,,,
Obj Interno,,15,15,15,15,15,20,23,24,25,27,30,30,30,30,30,41,40,45,45,45,45,45,50,40,38,40,40,40,40,40,938,,,,,,,,,,,,,,,,,,,,,,,,,,,,,,,,,,,,,,,,,,,,,,,,,,,,,,,,,,,,,,,,
Obj Margen Variable ,,,,,,,,,,,,,24,19,26,26,28,30,28,31,31,32,35,35,37,35,36,38,38,39,42,568,,,,,,,,,,,,,,,,,,,,,,,,,,,,,,,,,,,,,,,,,,,,,,,,,,,,,,,,,,,,,,,,
Obj Planta ,,,,,,,,,,,,,26,20,30,30,34,40,36,27,41,40,42,49,37,35,37,38,38,39,42,639,,,,,,,,,,,,,,,,,,,,,,,,,,,,,,,,,,,,,,,,,,,,,,,,,,,,,,,,,,,,,,,,
Real,,12,7,8,13,6,21,17,17,23,22,32,26,20,30,30,34,40,36,27,41,40,42,34,37,30,41,41,35,37,33,799,,,,,,,,,,,,,,,,,,,,,,,,,,,,,,,,,,,,,,,,,,,,,,,,,,,,,,,,,,,,,,,,
Cumplimiento Interno,,80%,47%,53%,87%,40%,105%,74%,71%,92%,81%,107%,87%,67%,100%,100%,83%,100%,80%,60%,91%,89%,93%,68%,93%,79%,103%,103%,88%,93%,83%,85%,,,,,,,,,,,,,,,,,,,,,,,,,,,,,,,,,,,,,,,,,,,,,,,,,,,,,,,,,,,,,,,,
Cumplimiento Planta,0%,0%,0%,0%,0%,0%,0%,0%,0%,0%,0%,0%,100%,100%,100%,100%,100%,100%,100%,100%,100%,100%,100%,69%,100%,86%,111%,108%,92%,95%,79%,125%,,,,,Columna1,Columna2,Columna3,Columna4,Columna5,,,,,,,,,,,,,,,,,,,,,,,,,,,,,,,,,,,,,,,,,,,,,,,,,,,,,,,
,,,,,,,,,,,,,,,,,,,,,,,,,,,,,,,,,,,,,,,,,#DIV/0!,,,,,,,,,,,,,,,,,,,,,,,,,,,,,,,,,,,,,,,,,,,,,,,,,,,,,,,
% de conversion,,3.08%,5.47%,2.78%,4.74%,0.97%,3.68%,3.11%,3.21%,2.80%,2.12%,3.32%,3.60%,4.27%,4.10%,3.44%,4.91%,5.76%,4.03%,4.33%,6.21%,5.76%,5.65%,4.66%,5.32%,4.11%,4.34%,5.66%,4.76%,4.91%,11.70%,4.07%,,,,,,,,,,,,,,,,,,,,,,,,,,,,,,,,,,,,,,,,,,,,,,,,,,,,,,,,,,,,,,,,
,,,,,,,,,,,,,,,,,,,,,,,,,,,,,,,,,,,,,,,,,#DIV/0!,,,,,,,,,,,,,,,,,,,,,,,,,,,,,,,,,,,,,,,,,,,,,,,,,,,,,,,
,,, ,,,,,,,,,,,,,,,,,,,,,,,,,,,,,,,,,,,,,,#DIV/0!,,,,,,,,,,,,,,,,,,,,,,,,,,,,,,,,,,,,,,,,,,,,,,,,,,,,,,,
Indicador Venta por Producto,,,,,,,,,,,,,,,,,,,,,,,,,,,,,,,,,,807,,,,,,,,,,,,,,,,,,,,,,,,,,,,,,,,,,,,,,,,,,,,,,,,,,,,,,,,,,,,,,
Indicador,Enero,Febrero,Marzo,Abril,Mayo,Junio,Julio,Agosto,Septiembre,Octubre,Noviembre,Diciembre,Enero,Febrero ,Marzo ,Abril ,Mayo ,Junio,Julio,Agosto,Septiembre,Octubre,Noviembre ,,,,,,,,,Total ,* Se considera las refacturas ,,,,,,,,,,,,,,,,,,,,,,,,,,,,,,,,,,,,,,,,,,,,,,,,,,,,,,,,,,,,,,,
Emzoom,,6,3,6,7,5,12,13,9,16,15,22,17,12,15,10,20,9,10,20,32,30,7,,,,,,,,,296,37.05%,,,,2024,4/1/2024,15,8,0.5,,,,,,,,,,,,,,,,,,,,,,,,,,,,,,,,,,,,,,,,,,,,,,,,,,,,,,,
Emkoo,,,,,,,,,,2,4,3,4,5,4,9,6,4,5,3,6,4,,,,,,,,,,59,7.38%,,,,2024,5/1/2024,15,13,0.9,,,,,,,,,,,,,,,,,,,,,,,,,,,,,,,,,,,,,,,,,,,,,,,,,,,,,,,
GS8,,6,4,2,6,1,5,3,7,3,3,6,3,3,9,9,5,25,21,1,2,2,,,,,,,,,,126,15.77%,,,,2024,6/1/2024,15,6,0.4,,,,,,,,,,,,,,,,,,,,,,,,,,,,,,,,,,,,,,,,,,,,,,,,,,,,,,,
GS4,,,,,,,,,,,,,,,,,3,1,,2,1,1,,,,,,,,,,8,1.00%,,,,2024,7/1/2024,20,21,1.1,,,,,,,,,,,,,,,,,,,,,,,,,,,,,,,,,,,,,,,,,,,,,,,,,,,,,,,
AION,,,,,,,,,,,,,,,,,,1,,,,,,,,,,,,,,1,0.13%,,,,,,,,#DIV/0!,,,,,,,,,,,,,,,,,,,,,,,,,,,,,,,,,,,,,,,,,,,,,,,,,,,,,,,
GN8,,,,,,,4,1,1,2,,1,2,,2,2,2,,,1,,2,1,,,,,,,,,21,2.63%,,,,2024,8/1/2024,23,17,0.7,,,,,,,,,,,,,,,,,,,,,,,,,,,,,,,,,,,,,,,,,,,,,,,,,,,,,,,
Total ,0,12,7,8,13,6,21,17,17,23,22,32,26,20,30,28,36,40,36,27,41,39,8,,,,,,,,,509,,,,,2024,9/1/2024,24,17,0.7,,,,,,,,,,,,,,,,,,,,,,,,,,,,,,,,,,,,,,,,,,,,,,,,,,,,,,,
,,12,7,8,13,6,21,17,17,23,22,32,26,20,30,28,35,39,37,26,40,38,44,34,38,34,41,41,36,40,7,,,* Se capturan una vez facturada,,,,,,,#DIV/0!,,,,,,,,,,,,,,,,,,,,,,,,,,,,,,,,,,,,,,,,,,,,,,,,,,,,,,,
Modelo ,,"Febrero,24","Marzo,24","Abril,24","Mayo,24","Junio,24","Julio,24","Agosto,24","Septiembre,24","Octubre,24","Noviembre,24","Diciembre,24","Enero,25","Febrero ,25","Marzo ,25","Abril ,25","Mayo ,25","Junio ,25","Julio ,25","Agosto,25","Septiembre,25","Octubre,25","Noviembre,25","Diciembre,25","Enero ,26","Febrero,26","Marzo,26","Abril, 26","Mayo,26","Junio, 26","Julio,26",Total ,* Se considera las refacturas ,,Total 2024,,,,,,#DIV/0!,,,Total 2025,Total 2026,,,,,,,,,,,,,,,,,,,,,,,,,,,,,,,,,,,,,,,,,,,,,,,,,,,
GS8,,6,4,2,6,1,5,3,7,3,2,6,3,3,9,7,4,21,21,1,1,1,3,3,5,2,3,9,4,5,1,151,,18.711%,,,,,,,#DIV/0!,,,,,,,,,,,,,,,,,,,,,,,,,,,,,,,,,,,,,,,,,,,,,,,,,,,,,,,
GS8 HEV ,, ,,,,,,,,,,, ,,,2,2,3,1,,1,1,,1,1,,,,,,,12,807,1.487%,,,,,,,#DIV/0!,,,11,,HEV,Gasolina ,Total,,,,,,,,,,,,,,,,,,,,,,,,,,,,,,,,,,,,,,,,,,,,,,,,
Total GS8,,6,4,2,6,1,5,3,7,3,2,6,3,3,9,9,6,24,22,1,2,2,3,4,6,2,3,9,4,5,1,163,20%,,45,48,45,50,57,57,80,97,95,88,29,39,536,575,,,,,,,,,,,,,,,,,,,,,,,,,,,,,,,,,,,,,,,,,,,,,,,,
GS4,, , , , , , , , , , , , , , , ,1,1, , , , ,1,8,1,7,5,1,1,1,2,29,,3.594%,,,,,,,#DIV/0!,,,,,,,,,,,,,,,,,,,,,,,,,,,,,,,,,,,,,,,,,,,,,,,,,,,,,,,
GS4 HEV ,, ,,,,,,,,,,, ,,,,,,,2,1,1,2,2,,2,,1,1,1,,13,,1.611%,,,,,,,#DIV/0!,,,8,5,,,,,,,,,,,,,,,,,,,,,,,,,,,,,,,,,,,,,,,,,,,,,,,,,,,
Total GS4,, , , , , , , , , , , , , , , ,1,1, ,2,1,1,3,10,1,9,5,2,2,2,2,42,5%,,0,,,,,,#DIV/0!,,,19,,,,,,,,,,,,,,,,,,,,,,,,,,,,,,,,,,,,,,,,,,,,,,,,,,,,
GN8,, , , , , ,4,1,1,2, ,1,2, ,2,1,2, , ,1, ,1,1,,,1,,,,,,20,,2.478%,,,,,,,#DIV/0!,,,,,,,,,,,,,,,,,,,,,,,,,,,,,,,,,,,,,,,,,,,,,,,,,,,,,,,
Total GN8,, , , , , ,4,1,1,2, ,1,2, ,2,1,2, , ,1, ,1,1,0,0,1,0,0,0,0,0,20,2%,,9,,,,,,#DIV/0!,,,10,1,,,,,,,,,,,,,,,,,,,,,,,,,,,,,,,,,,,,,,,,,,,,,,,,,,,
EMZOOM,,6,3,6,7,5,12,13,9,16,16,22,17,12,15,9,20,9,10,19,31,30,29,15,25,5,14,20,9,19,2,425,,52.664%,,,,,,,#DIV/0!,,,,,,,,,,,,,,,,,,,,,,,,,,,,,,,,,,,,,,,,,,,,,,,,,,,,,,,
Total EMZOOM,,6,3,6,7,5,12,13,9,16,16,22,17,12,15,9,20,9,10,19,31,30,29,15,25,5,14,20,9,19,2,425,53%,,115,,,,,,#DIV/0!,,,216,92,,,,,,,,,,,,,,,,,,,,,,,,,,,,,,,,,,,,,,,,,,,,,,,,,,,
EMKOO,, , , , , , , , ,2,4,3,2,1,1,7,4,3,1,3,5,3,7,5,3,17,13,3,7,4,,98,,12.144%,,,,,,,#DIV/0!,,,,,,,,,,,,,,,,,,,,,,,,,,,,,,,,,,,,,,,,,,,,,,,,,,,,,,,
EMKOO HEV ,, ,,,,,,,,,,,2,4,3,2,2,1,4,,1,1,,,1,,1,1,3,,,26,,3.222%,,,,,,,#DIV/0!,,,20,6,,,,,,,,,,,,,,,,,,,,,,,,,,,,,,,,,,,,,,,,,,,,,,,,,,,
Total EMKOO,, , , , , , , , ,2,4,3,4,5,4,9,6,4,5,3,6,4,7,5,4,17,14,4,10,4,0,124,15%,,9,,,,,,#DIV/0!,,,62,53,,,,,,,,,,,,,,,,,,,,,,,,,,,,,,,,,,,,,,,,,,,,,,,,,,,
AION, , , , , , , , , , , , , , , , , ,1, , , , ,1,,2,,5,6,10,7,1,33,,4.089%,0,,,,,,#DIV/0!,,,,,,,,,,,,,,,,,,,,,,,,,,,,,,,,,,,,,,,,,,,,,,,,,,,,,,,
Total AION , , , , , , , , , , , , , , , , , ,1, , , , ,1,0,2,0,5,6,10,7,1,33,4%,,0,,,,,,#DIV/0!,,,2,30,,,,,,,,,,,,,,,,,,,,,,,,,,,,,,,,,,,,,,,,,,,,,,,,,,,
GS7,,,,,,,,,,,,,,,,,,,,,,,,,,,,,1,3,1,5,,,,,,,,,#DIV/0!,,,,,,,,,,,,,,,,,,,,,,,,,,,,,,,,,,,,,,,,,,,,,,,,,,,,,,,
Total GS7,,,,,,,,,,,,,,,,,,,,,,,,,,,,,1,3,1,5,,,,,,,,,#DIV/0!,,,,,,,,,,,,,,,,,,,,,,,,,,,,,,,,,,,,,,,,,,,,,,,,,,,,,,,
,,,,,,,,,,,,,,,,,,,,,,,,,,,,,,,,,,100.00%,,,,,,,#DIV/0!,,,,,,,,,,,,,,,,,,,,,,,,,,,,,,,,,,,,,,,,,,,,,,,,,,,,,,,
 , ,2024,,,,,,,,,,,Total 2024,2025,,,,,,,,,,,,,,,,,,,Total 2025,Total general,,,,,,,#DIV/0!,,,,,,,,,,,,,,,,,,,,,,,,,,,,,,,,,,,,,,,,,,,,,,,,,,,,,,,
 , ,Febrero,Marzo,Abril,Mayo,Junio,Julio,Agosto,Septiembre,Octubre,Noviembre,Diciembre, ,Enero,Febrero ,Marzo ,Abril ,Mayo ,Junio,Julio,Agosto,Septiembre,Octubre,,,,,,,,,Noviembre , , ,,,,,,,#DIV/0!,,,,,,,,,,,,,,,,,,,,,,,,,,,,,,,,,,,,,,,,,,,,,,,,,,,,,,,
Modelo ,Color, , , , , , , , , , , , , , , , , , , , , , ,,,,,,,,, , , ,,,,,,,#DIV/0!,,,,,,,,,,,,,,,,,,,,,,,,,,,,,,,,,,,,,,,,,,,,,,,,,,,,,,,
AION,PLATA SIBERIA, , , , , , , , , , , , , , , , , ,1, , , , ,,,,,,,,, ,1,1,,,,,,,#DIV/0!,,,,,,,,,,,,,,,,,,,,,,,,,,,,,,,,,,,,,,,,,,,,,,,,,,,,,,,
Total AION, , , , , , , , , , , , , , , , , , ,1, , , , ,,,,,,,,, ,1,1,,,,,,,#DIV/0!,,,,,,,,,,,,,,,,,,,,,,,,,,,,,,,,,,,,,,,,,,,,,,,,,,,,,,,
EMKOO,BLANCO METALICO, , , , , , , , , ,1,1,2,2,1,1,3,1, ,2, ,3, ,,,,,,,,, ,13,15,,,,,,,#DIV/0!,,,,,,,,,,,,,,,,,,,,,,,,,,,,,,,,,,,,,,,,,,,,,,,,,,,,,,,
 ,GRIS, , , , , , , , ,1, , ,1, , , , , , , , , , ,,,,,,,,, , ,1,,,,,,,#DIV/0!,,,,,,,,,,,,,,,,,,,,,,,,,,,,,,,,,,,,,,,,,,,,,,,,,,,,,,,
 ,GRIS MAGNETICO, , , , , , , , , ,2, ,2,1,1, ,3,5,2,2,1,1, ,,,,,,,,, ,16,18,,,,,,,#DIV/0!,,,,,,,,,,,,,,,,,,,,,,,,,,,,,,,,,,,,,,,,,,,,,,,,,,,,,,,
 ,NEGRO OBSIDIANA, , , , , , , , ,1, , ,1,1,2,1,1, , ,1,1,1,2,,,,,,,,, ,10,11,,,,,,,#DIV/0!,,,,,,,,,,,,,,,,,,,,,,,,,,,,,,,,,,,,,,,,,,,,,,,,,,,,,,,
 ,PLATA POLAR, , , , , , , , , , ,1,1, ,1,2,1, , , ,1, ,2,,,,,,,,, ,7,8,,,,,,,#DIV/0!,,,,,,,,,,,,,,,,,,,,,,,,,,,,,,,,,,,,,,,,,,,,,,,,,,,,,,,
 ,VERDE, , , , , , , , , , ,1,1, , , , , , , , , , ,,,,,,,,, , ,1,,,,,,,#DIV/0!,,,,,,,,,,,,,,,,,,,,,,,,,,,,,,,,,,,,,,,,,,,,,,,,,,,,,,,
 ,VERDE TURQUESA, , , , , , , , , ,1, ,1, , , ,1, ,2, , ,1, ,,,,,,,,, ,4,5,,,,,,,#DIV/0!,,,,,,,,,,,,,,,,,,,,,,,,,,,,,,,,,,,,,,,,,,,,,,,,,,,,,,,
Total EMKOO, , , , , , , , , ,2,4,3,9,4,5,4,9,6,4,5,3,6,4,,,,,,,,, ,50,59,,,,,,,#DIV/0!,,,,,,,,,,,,,,,,,,,,,,,,,,,,,,,,,,,,,,,,,,,,,,,,,,,,,,,
EMZOOM, BLANCO NEVADO,2,1,1,1,2, ,2,1,3,1,5,19,2,3,1,1,4,1, ,1,9,6,,,,,,,,, ,28,47,,,,,,,#DIV/0!,,,,,,,,,,,,,,,,,,,,,,,,,,,,,,,,,,,,,,,,,,,,,,,,,,,,,,,
 ,AZUL LAGUNA, , , ,1,1,3,3,1,4,1,4,18,3,5,6,2,3,1, , ,4,1,,,,,,,,,1,26,44,,,,,,,#DIV/0!,,,,,,,,,,,,,,,,,,,,,,,,,,,,,,,,,,,,,,,,,,,,,,,,,,,,,,,
 ,BLANCO NEVADO, , , , , , , , , , , , , , , , , , , , , ,1,,,,,,,,, ,1,1,,,,,,,#DIV/0!,,,,,,,,,,,,,,,,,,,,,,,,,,,,,,,,,,,,,,,,,,,,,,,,,,,,,,,
 ,GRIS GRAFENO, , , , , , , , , , , , ,1, , , , , , , , , ,,,,,,,,, ,1,1,,,,,,,#DIV/0!,,,,,,,,,,,,,,,,,,,,,,,,,,,,,,,,,,,,,,,,,,,,,,,,,,,,,,,
 ,GRIS GRAFENO MA,3,1,3,3,2,4,3,5,5,8,6,43,2,1,3,4,4,3,5,9,9,6,,,,,,,,,1,47,90,,,,,,,#DIV/0!,,,,,,,,,,,,,,,,,,,,,,,,,,,,,,,,,,,,,,,,,,,,,,,,,,,,,,,
 ,GRIS MAGNETICO,1, ,1,1, ,2,2,2,2,4,4,19,4,2,3,1,4,2,2,5,7,11,,,,,,,,,1,42,61,,,,,,,#DIV/0!,,,,,,,,,,,,,,,,,,,,,,,,,,,,,,,,,,,,,,,,,,,,,,,,,,,,,,,
 ,PLATA POLAR, ,1,1,1, ,3,3, ,2,2,3,16,5,1,2,1,5,2,3,4,2,5,,,,,,,,,4,34,50,,,,,,,#DIV/0!,,,,,,,,,,,,,,,,,,,,,,,,,,,,,,,,,,,,,,,,,,,,,,,,,,,,,,,
Total EMZOOM, ,6,3,6,7,5,12,13,9,16,16,22,115,17,12,15,9,20,9,10,19,31,30,,,,,,,,,7,179,294,,,,,,,#DIV/0!,,,,,,,,,,,,,,,,,,,,,,,,,,,,,,,,,,,,,,,,,,,,,,,,,,,,,,,
GN8,BLANCO MAGNOLIA, , , , , ,2,1, ,2, , ,5,2, ,1,1,2, , , , , ,,,,,,,,,1,7,12,,,,,,,#DIV/0!,,,,,,,,,,,,,,,,,,,,,,,,,,,,,,,,,,,,,,,,,,,,,,,,,,,,,,,
 ,NEGRO OBSIDIANA, , , , , ,2, ,1, , ,1,4, , ,1, , , , ,1, ,1,,,,,,,,, ,3,7,,,,,,,#DIV/0!,,,,,,,,,,,,,,,,,,,,,,,,,,,,,,,,,,,,,,,,,,,,,,,,,,,,,,,
Total GN8, , , , , , ,4,1,1,2, ,1,9,2, ,2,1,2, , ,1, ,1,,,,,,,,,1,10,19,,,,,,,#DIV/0!,,,,,,,,,,,,,,,,,,,,,,,,,,,,,,,,,,,,,,,,,,,,,,,,,,,,,,,
GS4,NEGRO OBSIDIANA, , , , , , , , , , , , , , , , ,1,1, ,1,1,1,,,,,,,,, ,5,5,,,,,,,#DIV/0!,,,,,,,,,,,,,,,,,,,,,,,,,,,,,,,,,,,,,,,,,,,,,,,,,,,,,,,
 ,PLATA POLAR, , , , , , , , , , , , , , , , , , , ,1, , ,,,,,,,,, ,1,1,,,,,,,#DIV/0!,,,,,,,,,,,,,,,,,,,,,,,,,,,,,,,,,,,,,,,,,,,,,,,,,,,,,,,
Total GS4, , , , , , , , , , , , , , , , , ,1,1, ,2,1,1,,,,,,,,, ,6,6,,,,,,,#DIV/0!,,,,,,,,,,,,,,,,,,,,,,,,,,,,,,,,,,,,,,,,,,,,,,,,,,,,,,,
GS8,BLANCO MAGNOLIA,1,2, ,2, ,3,2,1, , ,2,13, , ,2, ,1,3, , , , ,,,,,,,,, ,6,19,,,,,,,#DIV/0!,,,,,,,,,,,,,,,,,,,,,,,,,,,,,,,,,,,,,,,,,,,,,,,,,,,,,,,
 ,GRIS TITANIO,3,1,1,1, ,1,1,3, , , ,11,3, ,2,2,2,8,3,1,1, ,,,,,,,,, ,22,33,,,,,,,#DIV/0!,,,,,,,,,,,,,,,,,,,,,,,,,,,,,,,,,,,,,,,,,,,,,,,,,,,,,,,
 ,NEGRO OBSIDIANA, ,1,1,3,1, , ,3, ,1,2,12, ,1,3,4,3,11,2, ,1,1,,,,,,,,, ,26,38,,,,,,,#DIV/0!,,,,,,,,,,,,,,,,,,,,,,,,,,,,,,,,,,,,,,,,,,,,,,,,,,,,,,,
 ,PLATA IRIDIO,1, , , , , , , ,3, ,2,6, , , ,3, ,2,16, , , ,,,,,,,,, ,21,27,,,,,,,#DIV/0!,,,,,,,,,,,,,,,,,,,,,,,,,,,,,,,,,,,,,,,,,,,,,,,,,,,,,,,
 ,VERDE JADE,1, , , , ,1, , , ,1, ,3, ,2,2, , , ,1, , ,1,,,,,,,,, ,6,9,,,,,,,#DIV/0!,,,,,,,,,,,,,,,,,,,,,,,,,,,,,,,,,,,,,,,,,,,,,,,,,,,,,,,
Total GS8, ,6,4,2,6,1,5,3,7,3,2,6,45,3,3,9,9,6,24,22,1,2,2,,,,,,,,, ,81,126,,,,,,,#DIV/0!,,,,,,,,,,,,,,,,,,,,,,,,,,,,,,,,,,,,,,,,,,,,,,,,,,,,,,,
Total general, ,12,7,8,13,6,21,17,17,23,22,32,178,26,20,30,28,35,39,37,26,40,38,,,,,,,,,8,327,505,,,,,,,#DIV/0!,,,,,,,,,,,,,,,,,,,,,,,,,,,,,Total general, ,12,7,8,13,6,21,17,17,23,22,32,,26,20,30,28,35,39,37,26,40,38,10,,507
,,,,,,,,,,,,,,,,,,,,,,,,,,,,,,,,,,,,,,,,,#DIV/0!,,,,,,,,,,,,,,,,,,,,,,,,,,,,,,,,,,,,,,,,,,,,,,,,,,,,,,,
,,,,,,,,,,,,Modelos ,2025, , , , , , , , , , , ,Total 2025,2026, , ,,,, , ,Total 2026,,,,,,,#DIV/0!,,,,,,,,,,,,,,,,,,,,,,,,,,,,,,,,,,,,,,,,,,,,,,,,,,,,,,,
,,,,,,,,,,,,,"Enero,25","Febrero ,25","Marzo ,25","Abril ,25","Mayo ,25","Junio ,25","Julio ,25","Agosto,25","Septiembre,25","Octubre,25","Noviembre,25","Diciembre,25",,"Enero ,26","Febrero,26","Marzo,26","Marzo,26","Mayo,26",,"Junio, 26",,,,,,,,,#DIV/0!,,,,,,,,,,,,,,,,,,,,,,,,,,,,,,,,,,,,,,,,,,,,,,,,,,,,,,,
,,,,,,,,,,,,, , , , , , , , , , , , ,, , , , , ,, ,,,,,,,,,#DIV/0!,,,,,,,,,,,,,,,,,,,,,,,,,,,,,,,,,,,,,,,,,,,,,,,,,,,,,,,
,,,,,,,,,,,,AION UT, , , , , , , , , , , , , ,"$35,835", ,"$51,731","$48,161","$24,954",,,,"$52,240.41",,,,,,,#DIV/0!,,,,,,,,,,,,,,,,,,,,,,,,,,,,,,,,,,,,,,,,,,,,,,,,,,,,,,,
,,,,,,,,,,,,AION Y, , , , , ,"$70,259", , , , ,"$134,479", ,"$102,369.00","$56,893", , ,"$134,468","$134,538",,,,"$108,633.15",,,,,,,#DIV/0!,,,,,,,,,,,,,,,,,,,,,,,,,,,,,,,,,,,,,,,,,,,,,,,,,,,,,,,
,,,,,,,,,,,,EMKOO,"$83,656","$58,703","$61,211","$100,030","$111,934","$89,430","$82,712","$101,111","$100,400","$81,894","$120,838","$107,541","$93,900.35","$79,329","$111,060","$108,184","$81,893","$144,418",,,,"$107,641.29",,,,,,,#DIV/0!,,,,,,,,,,,,,,,,,,,,,,,,,,,,,,,,,,,,,,,,,,,,,,,,,,,,,,,
,,,,,,,,,,,,EMZOOM,"$104,192","$84,753","$76,090","$54,060","$125,814","$55,028","$66,155","$82,242","$98,779","$110,183","$112,270","$66,150","$93,509.95","$36,631","$41,718","$25,350","$52,625","$71,973",,,,"$41,993.43",,,,,,,#DIV/0!,,,,,,,,,,,,,,,,,,,,,,,,,,,,,,,,,,,,,,,,,,,,,,,,,,,,,,,
,,,,,,,,,,,,GN8,"$107,680", ,"$110,349","$59,655","$62,875", , ,"$225,826", ,"$244,436","$155,822", ,"$135,342.27", ,"$124,617", , , ,,,,"$124,616.61",,,,,,,#DIV/0!,,,,,,,,,,,,,,,,,,,,,,,,,,,,,,,,,,,,,,,,,,,,,,,,,,,,,,,
,,,,,,,,,,,,GS4, , , , ,"$53,082","$53,082", ,"$87,745","$60,163","$57,763","$76,995","$100,319","$85,986.95","$120,202","$64,064","$98,761","$111,805", ,,,,"$85,228.85",,,,,,,#DIV/0!,,,,,,,,,,,,,,,,,,,,,,,,,,,,,,,,,,,,,,,,,,,,,,,,,,,,,,,
,,,,,,,,,,,,GS8,"$112,226","$114,991","$113,568","$104,601","$121,866","$133,915","$123,079","$120,732","$115,311","$110,049","$96,394","$105,693","$120,505.82","$134,302","$161,159","$120,472","$103,708","$149,767",,,,"$123,747.98",,,,,,,#DIV/0!,,,,,,,,,,,,,,,,,,,,,,,,,,,,,,,,,,,,,,,,,,,,,,,,,,,,,,,
,,,,,,,,,,,,Total general,"$102,228","$82,777","$87,634","$83,386","$118,769","$108,734","$100,539","$91,490","$98,884","$112,816","$111,626","$86,939","$100,398.14","$59,870","$96,365","$73,384","$71,033","$98,363",,,,"$76,718.89",,,,,,,#DIV/0!,,,,,,,,,,,,,,,,,,,,,,,,,,,,,,,,,,,,,,,,,,,,,,,,,,,,,,,
,,,,,,,,,,,,,,,,,,,,,,,,,,,,,,,,,,,,,,,,,#DIV/0!,,,,,,,,,,,,,,,,,,,,,,,,,,,,,,,,,,,,,,,,,,,,,,,,,,,,,,,
,,,,,,,,,,,,,,,"Ene 26/
Jun 26 Tipo de Vehiculo",Ene,,,Feb,,,Mar,,,Abr,,,May,,,,,,,,,,,,,#DIV/0!,,,,,,,,,,,,,,,,,,,,,,,,,,,,,,,,,,,,,,,,,,,,,,,,,,,,,,,
,,,,,,,,,,,,,,,,Uds Vendidas,Utilidad Bruta $,Utilidad Bruta x Unidad $,Uds Vendidas,Utilidad Bruta $,Utilidad Bruta x Unidad $,Uds Vendidas,Utilidad Bruta $,Utilidad Bruta x Unidad $,Uds Vendidas,Utilidad Bruta $,Utilidad Bruta x Unidad $,Uds Vendidas,Utilidad Bruta $,Utilidad Bruta x Unidad $,,,,,,,,,,,#DIV/0!,,,,,,,,,,,,,,,,,,,,,,,,,,,,,,,,,,,,,,,,,,,,,,,,,,,,,,,
,,,,,,,,,,,,,,,Total,34,"$1,040,443","$30,601",30,"$1,893,986","$63,133",41,"$1,484,145","$36,199",40,"$1,610,408","$40,260",36,"$1,552,489","$43,125",,,,,,,,,,,#DIV/0!,,,,,,,,,,,,,,,,,,,,,,,,,,,,,,,,,,,,,,,,,,,,,,,,,,,,,,,
,,,,,,,,,,,,,,,AION,2,"$79,797","$39,898", ,"$12,931", ,5,"$106,706","$21,341",6,"$187,439","$31,240",10,"$249,540","$24,954",,,,,,,,,,,#DIV/0!,,,,,,,,,,,,,,,,,,,,,,,,,,,,,,,,,,,,,,,,,,,,,,,,,,,,,,,
,,,,,,,,,,,,,,,EMKOO,4,"$159,130","$39,782",17,"$836,444","$49,203",14,"$606,336","$43,310",3,"$8,342","$2,781",10,"$357,931","$35,793",,,,,,,,,,,#DIV/0!,,,,,,,,,,,,,,,,,,,,,,,,,,,,,,,,,,,,,,,,,,,,,,,,,,,,,,,
,,,,,,,,,,,,,,,EMZOOM,22,"$403,998","$18,364",2,"$79,356","$39,678",14,"$207,155","$14,797",20,"$730,508","$36,525",9,"$350,959","$38,995",,,,,,,,,,,#DIV/0!,,,,,,,,,,,,,,,,,,,,,,,,,,,,,,,,,,,,,,,,,,,,,,,,,,,,,,,
,,,,,,,,,,,,,,,GAS4, ,"-$79,929", ,6,"$315,950","$52,658",5,"$247,395","$49,479",1,"$60,614","$60,614",1,"$58,168","$58,168",,,,,,,,,,,#DIV/0!,,,,,,,,,,,,,,,,,,,,,,,,,,,,,,,,,,,,,,,,,,,,,,,,,,,,,,,
,,,,,,,,,,,,,,,GN8, , , ,1,"$124,617","$124,617", , , , , , , , , ,,,,,,,,,,,#DIV/0!,,,,,,,,,,,,,,,,,,,,,,,,,,,,,,,,,,,,,,,,,,,,,,,,,,,,,,,
,,,,,,,,,,,,,,,GS4, , , ,2,"$118,107","$59,054", , , ,1,"$52,652","$52,652",1,"$58,506","$58,506",,,,,,,,,,,#DIV/0!,,,,,,,,,,,,,,,,,,,,,,,,,,,,,,,,,,,,,,,,,,,,,,,,,,,,,,,
,,,,,,,,,,,,,,,GS7, , , , , , , , , , , , ,1,"$95,817","$95,817",,,,,,,,,,,#DIV/0!,,,,,,,,,,,,,,,,,,,,,,,,,,,,,,,,,,,,,,,,,,,,,,,,,,,,,,,
,,,,,,,,,,,,,,,GS8,6,"$378,244","$63,041",2,"$162,215","$81,108",3,"$236,417","$78,806",9,"$540,385","$60,043",4,"$308,872","$77,218",,,,,,,,,,,#DIV/0!,,,,,,,,,,,,,,,,,,,,,,,,,,,,,,,,,,,,,,,,,,,,,,,,,,,,,,,
,,,,,,,,,,,,,,,NA, ,"$99,205", , ,"$244,366", , ,"$80,137", , ,"$30,469", , ,"$72,696", ,,,,,,,,,,,#DIV/0!,,,,,,,,,,,,,,,,,,,,,,,,,,,,,,,,,,,,,,,,,,,,,,,,,,,,,,,
,,,,,,,,,,,,,,,,,,,,,,,,,,,,,,,,,,,,,,,,,#DIV/0!,,,,,,,,,,,,,,,,,,,,,,,,,,,,,,,,,,,,,,,,,,,,,,,,,,,,,,,
,,,,,,,,,,,,,,,,,,,,,,,,,,,,,,,,,,,,,,,,,#DIV/0!,,,,,,,,,,,,,,,,,,,,,,,,,,,,,,,,,,,,,,,,,,,,,,,,,,,,,,,
Indicador Venta Credito o de Contado,,,,,,,,,,,,,,,,,,,,,,,,,,,,,,,,,,,,,2024,11/1/2024,27,22,0.8,,,,,,,,,,,,,,,,,,,,,,,,,,,,,,,,,,,,,,,,,,,,,,,,,,,,,,,
Indicador,Enero,"Febrero,24","Marzo,24","Abril,24","Mayo,24","Junio,24","Julio,24","Agosto,24","Septiembre,24","Octubre,24","Noviembre,24","Diciembre,24","Enero,25","Febrero ,25","Marzo ,25","Abril ,25","Mayo ,25","Junio ,25","Julio ,25","Agosto,25","Septiembre,25","Octubre,25","Noviembre,25","Diciembre,25","Enero ,26","Febrero,26","Marzo,26","Abril, 26","Mayo,26","Junio, 26","Julio,26",Total , *Se considera refacturas ,,,,2024,12/1/2024,30,32,1.1,,,,,,,,,,,,,,,,,,,,,,,,,,,,,,,,,,,,,,,,,,,,,,,,,,,,,,,
Credito,,2,3,6,10,6,14,15,11,21,18,30,23,18,25,21,29,33,29,22,32,32,37,23,33,25,34,8,29,26,5,620,77.597%,* porcentaje de ventas a credito,,,2025,1/1/2025,30,26,0.9,,,,,,,,,,,,,,,,,,,,,,,,,,,,,,,,,,,,,,,,,,,,,,,,,,,,,,,
Contado,,10,4,2,3,0,7,2,6,2,4,2,3,2,5,7,6,6,8,5,9,7,7,11,5,9,7,33,7,14,2,195,24.406%,* porcentaje de ventas contado,,,2025,2/1/2025,30,20,0.7,,,,,,,,,,,,,,,,,,,,,,,,,,,,,,,,,,,,,,,,,,,,,,,,,,,,,,,
Total,0,12,7,8,13,6,21,17,17,23,22,32, 26 , 20 ,30,28,35,39,37,27,41,39,44,34,38,34,41,41,36,40,7,815,,,,,2025,3/1/2025,30,30,1.0,,,,,,,,,,,,,,,,,,,,,,,,,,,,,,,,,,,,,,,,,,,,,,,,,,,,,,,
,,,,,,,,,,,,,,,,,,,,,,,,,,,,,,,,,,,,,2025,4/1/2025,31,30,1.0,,,,,,,,,,,,,,,,,,,,,,,,,,,,,,,,,,,,,,,,,,,,,,,,,,,,,,,
,,,,,,,,,,,,,,,,,,,,,,,,,,,,,,,,,,,,,2025,4/2/2025,41,34,0.8,,,,,,,,,,,,,,,,,,,,,,,,,,,,,,,,,,,,,,,,,,,,,,,,,,,,,,,
,,17%,43%,75%,77%,100%,67%,88%,65%,91%,82%,94%,88%,90%,83%,75%,83%,85%,78%,81%,78%,82%,84%,68%,87%,74%,83%,20%,81%,65%,71%,75%,* porcentaje de ventas a credito,,,,,,,,,,,,,,,,,,,,,,,,,,,,,,,,,,,,,,,,,,,,,,,,,,,,,,,,,,,,,,,
,,83%,57%,25%,23%,0%,33%,12%,35%,9%,18%,6%,12%,10%,17%,25%,17%,15%,22%,19%,22%,18%,16%,32%,13%,26%,17%,80%,19%,35%,29%,25%,* porcentaje de ventas contado,,,,,,,,,,,,,,,,,,,,,,,,,,,,,,,,,,,,,,,,,,,,,,,,,,,,,,,,,,,,,,,
,,100%,100%,100%,100%,100%,100%,100%,100%,100%,100%,100%,100%,100%,100%,100%,100%,100%,100%,100%,100%,100%,100%,100%,100%,100%,100%,100%,100%,100%,100%,100%,,,,,,,Ventas Por Pruducto ,,,,,,,,,,,,,,,,,,,,,,,,,,,,,,,,,,,,,,,,,,,,,,,,,,,,,,,,,
,,,,,,,,,,,,,,,,,,,,,,,,,,,,,,,,,,,,,,,,,,,,,,,,,,,,,,,,,,,,,,,,,,,,,,,,,,,,,,,,,,,,,,,,,,,,,,,,
,0,2,3,6,10,6,14,15,11,21,18,30,23,18,25,21,29,33,29,22,32,32,37,23,33,25,34,33,29,26,5,,,,,,Año,Mes ,Emzoom,Emkoo,GS8,GN8,GS4,,,,,,,,,,,,,,,,,,,,,,,,,,,,,,,,,,,,,,,,,,,,,,,,,,,,,
 ,Enero,"Febrero,24","Marzo,24","Abril,24","Mayo,24","Junio,24","Julio,24","Agosto,24","Septiembre,24","Octubre,24","Noviembre,24","Diciembre,24","Enero,25","Febrero ,25","Marzo ,25","Abril ,25","Mayo ,25","Junio ,25","Julio ,25","Agosto,25","Septiembre,25","Octubre,25","Noviembre,25","Diciembre,25","Enero ,26","Febrero,26","Marzo,26","Abril, 26","Mayo,26","Junio, 26","Julio,26",Total ,% Participacion,% Participacion 2024,% Participacion 2025,,2024,2/1/2024,6,,6,,,% Participacion 2026,,,,,,,,,,,,,,,,,,,,,,,,,,,,,,,,,,,,,,,,,,,,,,,,,,,,
BANCO AFIRME,, , , , , , , , , , , , , , , , , ,1, , ,,,,,,,,,,,1,0%,0%,0%,,2024,4/1/2024,6,,1,,,0%,,,,,,,,,,,,,,,,,,,,,,,,,,,,,,,,,,,,,,,,,,,,,,,,,,,,
BANJERCITO,, , , , , , , , , , , , , , , ,1, , , , ,,,,,,,,,,1,1,0%,0%,0%,,2024,5/1/2024,7,,6,,,0%,,,,,,,,,,,,,,,,,,,,,,,,,,,,,,,,,,,,,,,,,,,,,,,,,,,,
BANORTE,, , , ,3, ,1,4,5,4,2,7,4,7,8,8,17,16,10,5,11,10,16,17,8,10,13,12,13,8,2,198,34%,19%,40%,,2024,6/1/2024,5,,1,,,36%,,,,,,,,,,,,,,,,,,,,,,,,,,,,,,,,,,,,,,,,,,,,,,,,,,,,
BBVA,, , ,1, , ,1,1, , , ,2, ,3, ,1,3,1,4, ,4,3,3,,,4,4,1,4,2,,36,6%,4%,7%,,2024,7/1/2024,12,,5,4,,8%,,,,,,,,,,,,,,,,,,,,,,,,,,,,,,,,,,,,,,,,,,,,,,,,,,,,
CAJA POPULAR MEXICANA,, , , , , , , , , , , , , , , , , ,1, , ,,,,,,,,,1,,1,0%,0%,0%,,2024,8/1/2024,15,,3,1,,1%,,,,,,,,,,,,,,,,,,,,,,,,,,,,,,,,,,,,,,,,,,,,,,,,,,,,
ENSUEÑO,, , , ,1,1, ,1,1,1,1,1, ,2, ,1, , , ,2,2,,6,,11,,6,8,,5,,45,8%,5%,4%,,2024,9/1/2024,9,,7,1,,17%,,,,,,,,,,,,,,,,,,,,,,,,,,,,,,,,,,,,,,,,,,,,,,,,,,,,
MSTAR,, , , , , , , , , , , , ,1,1,2,3,1,4, ,1,2,2,,4,1,2,,1,2,,24,4%,0%,5%,,2024,10/1/2024,18,2,3,2,,6%,,,,,,,,,,,,,,,,,,,,,,,,,,,,,,,,,,,,,,,,,,,,,,,,,,,,
SANTANDER,,2,3,5,5,5,12,9,5,15,15,20,19,5,16,9,4,15,9,15,14,16,10,6,10,10,8,10,7,7,1,272,46%,71%,43%,,2024,11/1/2024,15,4,3,,,29%,,,,,,,,,,,,,,,,,,,,,,,,,,,,,,,,,,,,,,,,,,,,,,,,,,,,
SCOTIABANK,, , , ,1, , , , ,1, , , , , , ,1, , , , ,1,,,,,,,3,1,1,4,1%,1%,1%,,2024,12/1/2024,22,3,7,1,,2%,,,,,,,,,,,,,,,,,,,,,,,,,,,,,,,,,,,,,,,,,,,,,,,,,,,,
BANCO DEL BAJIO,,,,,,,,,,,,,,,,,,,,,,,,,,,1,,,,,1,0%,0%,0%,,2025,3/1/2025,15,4,9,2,,1%,,,,,,,,,,,,,,,,,,,,,,,,,,,,,,,,,,,,,,,,,,,,,,,,,,,,
KUNA CAPITAL SERVICE,,,,,,,,,,,,,,,,,,,,,,,,,,,,1,1,,,1,0%,0%,0%,,2025,5/1/2025,20,6,5,2,1,1%,,,,,,,,,,,,,,,,,,,,,,,,,,,,,,,,,,,,,,,,,,,,,,,,,,,,
BEPENSA LEASING,,,,,,,,,,,,,,,,,,,,,,,,,,,,1,,,,1,0%,0%,0%,,,,,,,,,1%,,,,,,,,,,,,,,,,,,,,,,,,,,,,,,,,,,,,,,,,,,,,,,,,,,,,
,,,,,,,,,,,,,,,,,,,,,,,,,,,,,,,,,,,,,,,,,,,,,,,,,,,,,,,,,,,,,,,,,,,,,,,,,,,,,,,,,,,,,,,,,,,,,,,,
,,,,,,,,,,,,,,,,,,,,,,,,,,,,,,,,,,,,,,,,,,,,,,,,,,,,,,,,,,,,,,,,,,,,,,,,,,,,,,,,,,,,,,,,,,,,,,,,
,,,,,,,,,,,,,,,,,,,,,,,,,,,,,,,,,,,,,Año,Mes ,Credito ,Contado,Total,Columna1,,,,,,,,,,,,,,,,,,,,,,,,,,,,,,,,,,,,,,,,,,,,,,,,,,,,,,
,,,,,,,,,,,,,,,,,,,,,,,,,,,,,,,,,,,,,2024,1/1/2024,,,,,,,,,,,,,,,,,,,,,,,,,,,,,,,,,,,,,,,,,,,,,,,,,,,,,,,,,,
,,,,,,,,,,,,,,,,,,,,,,,,,,,,,,,,,,,,,2024,2/1/2024,2,10,12,17%,,,,,,,,,,,,,,,,,,,,,,,,,,,,,,,,,,,,,,,,,,,,,,,,,,,,,,
,,,,,,,,,,,,,,,,,,,,,,,,,,,,,,,,,,,,,2024,3/1/2024,3,4,7,43%,,,,,,,,,,,,,,,,,,,,,,,,,,,,,,,,,,,,,,,,,,,,,,,,,,,,,,
,,,,,,,,,,,,,,,,,,,,,,,,,,,,,,,,,,,,,2024,4/1/2024,3,4,7,43%,,,,,,,,,,,,,,,,,,,,,,,,,,,,,,,,,,,,,,,,,,,,,,,,,,,,,,
,,,,,,,,,,,,,,,,,,,,,,,,,,,,,,,,,,,,,2024,5/1/2024,10,3,13,77%,,,,,,,,,,,,,,,,,,,,,,,,,,,,,,,,,,,,,,,,,,,,,,,,,,,,,,
,,,,,,,,,,,,,,,,,,,,,,,,,,,,,,,,,,,,,2024,6/1/2024,6,0,6,100%,,,,,,,,,,,,,,,,,,,,,,,,,,,,,,,,,,,,,,,,,,,,,,,,,,,,,,
,,,,,,,,,,,,,,,,,,,,,,,,,,,,,,,,,,,,,2024,7/1/2024,14,7,21,67%,,,,,,,,,,,,,,,,,,,,,,,,,,,,,,,,,,,,,,,,,,,,,,,,,,,,,,
,,,,,,,,,,,,,,,,,,,,,,,,,,,,,,,,,,,,,2024,8/1/2024,15,2,17,88%,,,,,,,,,,,,,,,,,,,,,,,,,,,,,,,,,,,,,,,,,,,,,,,,,,,,,,
,,,,,,,,,,,,,,,,,,,,,,,,,,,,,,,,,,,,,2024,9/1/2024,11,6,17,65%,,,,,,,,,,,,,,,,,,,,,,,,,,,,,,,,,,,,,,,,,,,,,,,,,,,,,,
,,,,,,,,,,,,,,,,,,,,,,,,,,,,,,,,,,,,,2024,10/1/2024,21,2,23,91%,,,,,,,,,,,,,,,,,,,,,,,,,,,,,,,,,,,,,,,,,,,,,,,,,,,,,,
,,,,,,,,,,,,,,,,,,,,,,,,,,,,,,,,,,,,,2024,11/1/2024,18,4,22,82%,,,,,,,,,,,,,,,,,,,,,,,,,,,,,,,,,,,,,,,,,,,,,,,,,,,,,,
,,,,,,,,,,,,,,,,,,,,,,,,,,,,,,,,,,,,,2024,12/1/2024,30,2,32,94%,,,,,,,,,,,,,,,,,,,,,,,,,,,,,,,,,,,,,,,,,,,,,,,,,,,,,,
,,,,,,,,,,,,,,,,,,,,,,,,,,,,,,,,,,,,,2025,1/1/2025,23,3,26,88%,,,,,,,,,,,,,,,,,,,,,,,,,,,,,,,,,,,,,,,,,,,,,,,,,,,,,,
,,,,,,,,,,,,,,,,,,,,,,,,,,,,,,,,,,,,,2025,2/1/2025,18,2,20,90%,,,,,,,,,,,,,,,,,,,,,,,,,,,,,,,,,,,,,,,,,,,,,,,,,,,,,,
,,,,,,,,,,,,,,,,,,,,,,,,,,,,,,,,,,,,,2025,3/1/2025,25,5,30,83%,,,,,,,,,,,,,,,,,,,,,,,,,,,,,,,,,,,,,,,,,,,,,,,,,,,,,,
,,,,,,,,,,,,,,,,,,,,,,,,,,,,,,,,,,,,,2025,4/1/2025,23,7,30,77%,,,,,,,,,,,,,,,,,,,,,,,,,,,,,,,,,,,,,,,,,,,,,,,,,,,,,,
,,,,,,,,,,,,,,,,,,,,,,,,,,,,,,,,,,,,,2025,5/2/2025,28,6,34,82%,,,,,,,,,,,,,,,,,,,,,,,,,,,,,,,,,,,,,,,,,,,,,,,,,,,,,,
,,,,,,,,,,,,,,,,,,,,,,,,,,,,,,,,,,,,,,,250,67,317,,,,,,,,,,,,,,,,,,,,,,,,,,,,,,,,,,,,,,,,,,,,,,,,,,,,,,,
,,,,,,,,,,,,,,,,,,,,,,,,,,,,,,,,,,,,,,,79%,21%,,,,,,,,,,,,,,,,,,,,,,,,,,,,,,,,,,,,,,,,,,,,,,,,,,,,,,,,
