INDICADORES GENERALES,,,,,,,,,,,,,,,,,,,,,,,,,,,,,,,,,,,,,,,,,,,,,,,,,,,,,,,,,
,,,,,,,,,,,,,,,,,,,,,,,,,,,,,,,,,,,,,,,,,,,,,,,,,,,,,,,,,
,2025,,,,,,,,,,,,2026 /certificación de marca,,,,,,,,,,,,,,,,,,,,,,,,,,,,,,,,,,,,,,,,,,,,
Mes,Enero,Febrero,Marzo,Abril,Mayo,Junio,Julio ,Agosto,Septiembre,Octubre,Noviembre,Diciembre,Enero,Febrero,Marzo,Abril,Mayo,Junio,Julio ,Agosto,Septiembre,Octubre,Noviembre,Diciembre,,,,,,,,,,,,,,,,,,,,,,,,,,,,,,,,,
Plantilla,29,29,29,30,31,33,33,34,35,36,36,36,37,40,42,44,44,44,44,,,,,,,,,,,,,,,,,,,,,,,,,,,,,,,,,,,,,,
Operando,28,24,26,27,28,29,30,32,34,34,34,32,33,37,38,40,40,42,42,,,,,,,,,,,,,,,,,,,,,,,,,,,,,,,,,,,,,,
Cumplimiento de plantilla,97%,83%,90%,90%,90%,88%,91%,94%,97%,94%,94%,89%,89%,93%,90%,91%,91%,95%,95%,,,,,,,,,,,,,,,,,,,,,,,,,,,,,,,,,,,,,,
Bajas,3,1,6,0,1,3,2,2,1,1,1,2,3,0,0,2,0,2,2,,,,,,,,,,,,,,,,,,,,,,,,,,,,,,,,,,,,,,
Vacantes,1,5,3,3,3,4,3,2,2,2,3,3,4,3,4,4,4,2,1,,,,,,,,,,,,,,,,,,,,,,,,,,,,,,,,,,,,,,
Índice de Rotación,10%,3%,21%,0%,3%,9%,6%,6%,3%,3%,3%,6%,8%,0%,0%,5%,0%,5%,5%,,,,,,,,,,,,,,,,,,,,,,,,,,,,,,,,,,,,,,
Capacitación de Marca,0%,0%,80%,82%,80%,82%,84%,86%,91%,97%,98%,7%,20%,33%,47%,72%,89%,90%,73%,,,,,,,,,,,,,,,,,,,,,,,,,,,,,,,,,,,,,,
Indice de clima laboral,,,,,,,4.3,4.3,4.3,4.3,4.3,4.3,4.3,4.3,4.3,4.3,4,4,4,,,,,,,,,,,,,,,,,,,,,,,,,,,,,,,,,,,,,,
Productividad de APVS,61%,42%,86%,90%,91%,95%,78%,54%,87%,76%,81%,60%,91%,67%,71%,74%,82%,82%,,,,,,,,,,,,,,,,,,,,,,,,,,,,,,,,,,,,,,,
% Apvs que cumplieron con su objetivo de ventas,40%,33%,38%,44%,45%,86%,43%,15%,58%,40%,47%,29%,64%,47%,47%,50%,33%,36%,,,,,,,,,,,,,,,,,,,,,,,,,,,,,,,,,,,,,,,
Auditoría Salesforce,92%,92%,81%,82%,83%,81%,90%,97%,94%,92%,92%,85%,,86%,83%,95%,95%,95%,95%,,,,,,,,,,,,,,,,,,,,,,,,,,,,,,,,,,,,,,
Apvs oro,3,3,3,4,4,4,4,4,4,4,4,4,4,4,4,0,0,,3,,,,,,,,,,,,,,,,,,,,,,,,,,,,,,,,,,,,,,
Apvs plata,1,1,2,1,1,1,1,2,2,3,5,4,3,3,3,5,5,,1,,,,,,,,,,,,,,,,,,,,,,,,,,,,,,,,,,,,,,
Avps bronce,3,3,3,3,5,10,9,7,8,8,6,6,7,8,9,9,8,,2,,,,,,,,,,,,,,,,,,,,,,,,,,,,,,,,,,,,,,
Indefinidos (Contrato >3 Meses),17,18,18,18,19,21,23,21,26,25,30,31,29,30,37,36,35,35,35,,,,,,,,,,,,,,,,,,,,,,,,,,,,,,,,,,,,,,
Plantilla con permanencia,61%,75%,69%,67%,68%,72%,77%,66%,76%,74%,88%,97%,88%,81%,97%,90%,88%,90%,90%,,,,,,,,,,,,,,,,,,,,,,,,,,,,,,,,,,,,,,
,,,,,,,,,,,,,,,,,,,,,,,,,,,,,,,,,,,,,,,,,,,,,,,,,,,,,,,,,
CUMPLIMIENTO DE PLANTILLA,,,,,,,,,,,,,2026,,,,,,,,,,,,,,,,,,,,,,,,,,,,,,,,,,,,,,,,,,,,
Mes,Enero,Febrero,Marzo,Abril,Mayo,Junio,Julio ,Agosto,Septiembre,Octubre,Noviembre,Diciembre,Enero,Febrero,Marzo,Abril,Mayo,Junio,Julio ,Agosto,Septiembre,Octubre,Noviembre,Diciembre,,,,,,,,,,,,,,,,,,,,,,,,,,,,,,,,,
Objetivo Mínimo,85%,85%,85%,85%,85%,85%,85%,85%,85%,85%,85%,85%,85%,85%,85%,85%,85%,85%,85%,85%,85%,85%,85%,85%,,,,,,,,,,,,,,,,,,,,,,,,,,,,,,,,,
Objetivo Ideal,95%,95%,95%,95%,95%,95%,95%,95%,95%,95%,95%,95%,95%,95%,95%,95%,95%,95%,95%,95%,95%,95%,95%,95%,,,,,,,,,,,,,,,,,,,,,,,,,,,,,,,,,
Real,97%,83%,90%,90%,90%,88%,91%,94%,97%,94%,94%,89%,89%,92%,90%,91%,91%,95%,95%,,,,,,,,,,,,,,,,,,,,,,,,,,,,,,,,,,,,,,
Cumplimiento ,102%,87%,94%,95%,95%,93%,96%,99%,102%,99%,99%,94%,94%,97%,95%,96%,96%,95%,95%,,,,,,,,,,,,,,,,,,,,,,,,,,,,,,,,,,,,,,
,,,,,,,,,,,,,,,,,,,,,,,,,,,,,,,,,,,,,,,,,,,,,,,,,,,,,,,,,
ROTACIÓN MENSUAL,,,,,,,,,,,,,2026,,,,,,,,,,,,,,,,,,,,,,,,,,,,,,,,,,,,,,,,,,,,
Mes,Enero,Febrero,Marzo,Abril,Mayo,Junio,Julio ,Agosto,Septiembre,Octubre,Noviembre,Diciembre,Enero,Febrero,Marzo,Abril,Mayo,Junio,Julio ,Agosto,Septiembre,Octubre,Noviembre,Diciembre,,,,,,,,,,,,,,,,,,,,,,,,,,,,,,,,,
Objetivo Ideal,7.0%,7.0%,7.0%,7.0%,7.0%,7.0%,7.0%,7.0%,7.0%,7.0%,7.0%,7.0%,7.0%,7%,7%,7%,7%,7%,7%,7%,7%,7%,7%,7%,,,,,,,,,,,,,,,,,,,,,,,,,,,,,,,,,
Real,10%,3%,21%,0%,3%,9%,6%,6%,3%,3.0%,3.0%,7.0%,8%,0,0,5%,5%,5%,5%,,,,,,,,,,,,,,,,,,,,,,,,,,,,,,,,,,,,,,
Cumplimiento ,68%,203%,34%,#DIV/0!,217%,78%,116%,117%,233%,233%,233%,100%,88%,105%,105%,100%,105%,100%,100%,,,,,,,,,,,,,,,,,,,,,,,,,,,,,,,,,,,,,,
,,,,,,,,,,,,,,,,,,,,,,,,,,,,,,,,,,,,,,,,,,,,,,,,,,,,,,,,,
PRODUCTIVIDAD DE APVS,,,,,,,,,,,,,2026,,,,,,,,,,,,,,,,,,,,,,,,,,,,,,,,,,,,,,,,,,,,
Mes,Enero,Febrero,Marzo,Abril,Mayo,Junio,Julio ,Agosto,Septiembre,Octubre,Noviembre,Diciembre,Enero,Febrero,Marzo,Abril,Mayo,Junio,Julio ,Agosto,Septiembre,Octubre,Noviembre,Diciembre,,,,,,,,,,,,,,,,,,,,,,,,,,,,,,,,,
Objetivo Mínimo,80%,80%,80%,80%,80%,80%,80%,80%,80%,80%,80%,80%,75%,75%,75%,80%,80%,80%,80%,80%,80%,80%,80%,80%,,,,,,,,,,,,,,,,,,,,,,,,,,,,,,,,,
Objetivo Ideal,85%,85%,85%,85%,85%,85%,85%,85%,85%,85%,85%,85%,80%,80%,80%,85%,85%,85%,85%,85%,85%,85%,85%,85%,,,,,,,,,,,,,,,,,,,,,,,,,,,,,,,,,
Real,61%,42%,86%,90%,91%,95%,78%,54%,87%,76%,81%,60%,66%,70%,71%,74%,82%,,,,,,,,,,,,,,,,,,,,,,,,,,,,,,,,,,,,,,,,
Cumplimiento ,72%,49%,101%,106%,107%,112%,92%,64%,102%,89%,95%,71%,83%,88%,89%,87%,96%,,,,,,,,,,,,,,,,,,,,,,,,,,,,,,,,,,,,,,,,
,,,,,,,,,,,,,,,,,,,,,,,,,,,,,,,,,,,,,,,,,,,,,,,,,,,,,,,,,
APVS QUE CUMPLIERON SU META,,,,,,,,,,,,,2026,,,,,,,,,,,,,,,,,,,,,,,,,,,,,,,,,,,,,,,,,,,,
Mes,Enero,Febrero,Marzo,Abril,Mayo,Junio,Julio ,Agosto,Septiembre,Octubre,Noviembre,Diciembre,Enero,Febrero,Marzo,Abril,Mayo,Junio,Julio ,Agosto,Septiembre,Octubre,Noviembre,Diciembre,,,,,,,,,,,,,,,,,,,,,,,,,,,,,,,,,
Total de apvs,5,6,8,9,11,14,14,13,12,15,15,14,11,15,15,14,12,12,,,,,,,,,,,,,,,,,,,,,,,,,,,,,,,,,,,,,,,
Apvs que cumplieron,2,2,3,4,5,12,6,2,7,6,7,4,7,7,7,7,4,5,,,,,,,,,,,,,,,,,,,,,,,,,,,,,,,,,,,,,,,
% de Cumplimiento ,40%,33%,38%,44%,45%,86%,43%,15%,58%,40%,47%,29%,64%,47%,47%,50%,33%,36%,,,,,,,,,,,,,,,,,,,,,,,,,,,,,,,,,,,,,,,
,,,,,,,,,,,,,,,,,,,,,,,,,,,,,,,,,,,,,,,,,,,,,,,,,,,,,,,,,
AUDITORIA SALES FORCE,,,,,,,,,,,,,AUDITORÍA SALES FORCE,,,,,,,,,,,,,,,,,,,,,,,,,,,,,,,,,,,,,,,,,,,,
Mes,Enero,Febrero,Marzo,Abril,Mayo,Junio,Julio ,Agosto,Septiembre,Octubre,Noviembre,Diciembre,Enero,Febrero,Marzo,Abril,Mayo,Junio,Julio ,Agosto,Septiembre,Octubre,Noviembre,Diciembre,,,,,,,,,,,,,,,,,,,,,,,,,,,,,,,,,
Objetivo Mínimo,85%,85%,85%,85%,85%,85%,85%,85%,85%,85%,85%,85%,85%,85%,85%,85%,85%,85%,85%,85%,85%,85%,85%,85%,,,,,,,,,,,,,,,,,,,,,,,,,,,,,,,,,
Objetivo Ideal,90%,90%,90%,90%,90%,90%,90%,90%,90%,90%,90%,90%,90%,90%,85%,85%,90%,90%,90%,90%,90%,90%,90%,90%,,,,,,,,,,,,,,,,,,,,,,,,,,,,,,,,,
Real,92%,92%,81%,82%,83%,81%,90%,97%,94%,92%,92%,85%,83%,90%,83%,95%,95%,,,,,,,,,,,,,,,,,,,,,,,,,,,,,,,,,,,,,,,,
Cumplimiento ,102%,102%,90%,91%,92%,90%,100%,108%,104%,102%,102%,94%,92%,100%,98%,112%,106%,,,,,,,,,,,,,,,,,,,,,,,,,,,,,,,,,,,,,,,,
,,,,,,,,,,,,,,,,,,,,,,,,,,,,,,,,,,,,,,,,,,,,,,,,,,,,,,,,,
PLANTILLA CON PERMANANENCIA (+90 DÍAS),,,,,,,,,,,,,2026,,,,,,,,,,,,,,,,,,,,,,,,,,,,,,,,,,,,,,,,,,,,
Mes,Enero,Febrero,Marzo,Abril,Mayo,Junio,Julio ,Agosto,Septiembre,Octubre,Noviembre,Diciembre,Enero,Febrero,Marzo,Abril,Mayo,Junio,Julio ,Agosto,Septiembre,Octubre,Noviembre,Diciembre,,,,,,,,,,,,,,,,,,,,,,,,,,,,,,,,,
Objetivo Mínimo,70%,70%,70%,70%,70%,70%,70%,70%,70%,70%,70%,70%,80%,80%,80%,80%,80%,80%,80%,80%,80%,80%,80%,80%,,,,,,,,,,,,,,,,,,,,,,,,,,,,,,,,,
Objetivo Ideal,75%,75%,75%,75%,75%,75%,75%,75%,75%,75%,75%,75%,85%,85%,85%,85%,85%,85%,85%,85%,85%,85%,85%,85%,,,,,,,,,,,,,,,,,,,,,,,,,,,,,,,,,
Real,61%,75%,69%,67%,68%,72%,77%,66%,76%,73%,88%,97%,88%,88%,97%,90%,88%,85%,95%,,,,,,,,,,,,,,,,,,,,,,,,,,,,,,,,,,,,,,
Cumplimiento ,81%,100%,92%,89%,90%,97%,102%,88%,101%,97%,117%,129%,104%,104%,115%,106%,104%,100%,100,,,,,,,,,,,,,,,,,,,,,,,,,,,,,,,,,,,,,,
,,,,,,,,,,,,,,,,,,,,,,,,,,,,,,,,,,,,,,,,,,,,,,,,,,,,,,,,,
CAPACITACIÓN DE MARCA,,,,,,,,,,,,,2026,,,,,,,,,,,,,,,,,,,,,,,,,,,,,,,,,,,,,,,,,,,,
Mes,Enero,Febrero,Marzo,Abril,Mayo,Junio,Julio ,Agosto,Septiembre,Octubre,Noviembre,Diciembre,Enero,Febrero,Marzo,Abril,Mayo,Junio,Julio ,Agosto,Septiembre,Octubre,Noviembre,Diciembre,,,,,,,,,,,,,,,,,,,,,,,,,,,,,,,,,
Objetivo Mínimo,80%,80%,80%,80%,80%,80%,80%,80%,80%,80%,80%,80%,30%,50%,90%,90%,90%,90%,90%,90%,90%,90%,90%,90%,,,,,,,,,,,,,,,,,,,,,,,,,,,,,,,,,
Objetivo Ideal,85%,85%,85%,85%,85%,85%,85%,85%,85%,85%,85%,85%,40%,60%,95%,95%,95%,95%,95%,95%,95%,95%,95%,95%,,,,,,,,,,,,,,,,,,,,,,,,,,,,,,,,,
Real,0%,0%,80%,82%,80%,82%,84%,86%,91%,97%,98%,7%,20%,33%,47%,72%,89%,73%,,,,,,,,,,,,,,,,,,,,,,,,,,,,,,,,,,,,,,,
Cumplimiento ,0%,0%,94%,96%,94%,96%,99%,101%,107%,114%,115%,8%,50%,55%,49%,76%,94%,77%,,,,,,,,,,,,,,,,,,,,,,,,,,,,,,,,,,,,,,,
,,,,,,,,,,,,,,,,,,,,,,,,,,,,,,,,,,,,,,,,,,,,,,,,,,,,,,,,,
ÍNDICE DE CLIMA LABORAL,,,,,,,,,,,,,2026,,,,,,,,,,,,,,,,,,,,,,,,,,,,,,,,,,,,,,,,,,,,
Mes,Enero,Febrero,Marzo,Abril,Mayo,Junio,Julio ,Agosto,Septiembre,Octubre,Noviembre,Diciembre,Enero,Febrero,Marzo,Abril,Mayo,Junio,Julio ,Agosto,Septiembre,Octubre,Noviembre,Diciembre,,,,,,,,,,,,,,,,,,,,,,,,,,,,,,,,,
Objetivo Mínimo,4.3,4.3,4.3,4.3,4.3,4.3,4.3,4.3,4.3,4.3,4.3,4.3,4.5,4.5,4.5,4.5,4.5,4.5,4.5,4.5,4.5,4.5,4.5,4.5,,,,,,,,,,,,,,,,,,,,,,,,,,,,,,,,,
Objetivo Ideal,4.5,4.5,4.5,4.5,4.5,4.5,4.5,4.5,4.5,4.5,4.5,4.5,4.6,4.6,4.6,4.6,4.6,4.6,4.6,4.6,4.6,4.6,4.6,4.6,,,,,,,,,,,,,,,,,,,,,,,,,,,,,,,,,
Real,0,0,0,0,0,0,4.3,4.3,4.3,4.3,4.3,4.3,4.3,4.3,4.3,4.3,4.3,,,,,,,,,,,,,,,,,,,,,,,,,,,,,,,,,,,,,,,,
Cumplimiento ,0%,0%,0%,0%,0%,0%,96%,96%,96%,96%,96%,96%,93%,93%,93%,93%,93%,0%,0%,0%,0%,0%,0%,0%,,,,,,,,,,,,,,,,,,,,,,,,,,,,,,,,,
,,,,,,,,,,,,,,,,,,,,,,,,,,,,,,,,,,,,,,,,,,,,,,,,,,,,,,,,,
,,,,,,,,,,,,,,,,,,,,,,,,,,,,,,,,,,,,,,,,,,,,,,,,,,,,,,,,,
,,,,,,,,98%,102%,105%,110%,,,,,,,,,,,,,,,,,,,,,,,,,,,,,,,,,,,,,,,,,,,,,,
indicador,Enero,Febrero,Marzo,Abril,Mayo,,,,,,,,,,,,,,,,,,,,,,,,,,,,,,,,,,,,,,,,,,,,,,,,,,,,
Plantilla,37,40,42,44,44,41.4,,,UB X COLABORADOR,,,,,,,,,,,,,,,,,,,,,,,,,,,,,,,,,,,,,,,,,,,,,,,,
Operando,33,37,38,40,40,37.6,,,,,,,,,,,,,,,,,,,,,,,,,,,,,,,,,,,,,,,,,,,,,,,,,,,
Cumplimiento de plantilla,89%,93%,90%,91%,91%,0.907967123,,,Iteam,Enero ,,,,,,,,Febrero,,,,,,,,Marzo,,,,,,,,Abril,,,,,,,,Mayo ,,,,,,,,Junio ,,,,,,,
Bajas,3,0,0,2,0,1,,,,Obj UN ,UN Real ,Obj UB,UB Real ,Plantilla Obj ,Plantilla Real ,Obj  UB / CL,Real UB / CL,Obj UN ,UN Real ,Obj UB,UB Real ,Plantilla Obj ,Plantilla Real ,Obj  UB / CL,Real UB / CL,Obj UN ,UN Real ,Obj UB,UB Real ,Plantilla Obj ,Plantilla Real ,Obj  UB / CL,Real UB / CL,Obj UN ,UN Real ,Obj UB,UB Real ,Plantilla Obj ,Plantilla Real ,Obj  UB / CL,Real UB / CL,Obj UN ,UN Real ,Obj UB,UB Real ,Plantilla Obj ,Plantilla Real ,Obj  UB / CL,Real UB / CL,Obj UN ,UN Real ,Obj UB,UB Real ,Plantilla Obj ,Plantilla Real ,Obj  UB / CL,Real UB / CL
Vacantes,4,3,4,4,4,3.8,,NUEVOS ,GAC,"$851,125","$444,580","$1,872,000","$1,339,606",16,12,"$117,000","$111,634","$701,365","$1,333,025","$1,680,000","$1,893,987",16,15,"$105,000","$126,266","$813,685","$1,381,175","$1,824,000","$1,484,145",16,16,"$114,000","$92,759","$738,805","$1,347,730","$1,728,000","$1,610,407",16,16,"$108,000","$100,650","$926,005","$850,931","$1,968,000","$1,552,489",18,14,"$109,333","$110,892","$1,075,765","$1,401,984","$2,160,000","$1,895,046",18,14,$0,$0
Índice de Rotación,8%,0%,0%,5%,0%,0.025307125,,SERVICIO,GAC,"-$9,788","$73,679","$224,860","$134,585",4,4,"$56,215","$33,646","-$10,970","$86,933","$202,374","$120,026",4,4,"$50,594","$30,007","-$1,301","$108,163","$224,860","$182,709",4,4,"$56,215","$45,677","-$1,301","$54,451","$224,860","$171,497",4,4,"$56,215","$42,874","-$1,301","$28,693","$224,860","$179,895",4,4,"$56,215","$44,974","-$1,301","$100,230","$224,860","$220,587",4,4,"$56,215","$55,147"
Capacitación de Marca,20%,33%,47%,72%,89%,0.522,,REFACCIONES ,GAC,$895,"$16,589","$15,305","$22,766",1,1,"$15,305","$22,766","$1,555","$27,043","$14,736","$26,203",1,1,"$14,736","$26,203","$2,289","$15,310","$16,444","$21,758",1,1,"$16,444","$21,758","$2,616","$26,921","$17,203","$34,230",1,1,"$17,203","$34,230","$1,212,012","$7,636","$18,341","$14,086",1,1,"$18,341","$14,086","$3,187","$15,873","$18,531","$19,854",1,1,"$18,531","$19,854"
Indice de clima laboral,4.3,4.3,4.3,4.3,4,4.24,,HYP ,GAC,"$8,395","$106,239","$37,925","$110,456",3,3,"$12,642","$36,819","$7,836","$82,618","$34,132","$80,590",3,3,"$11,377","$26,863","$9,827","$24,245","$37,925","$30,688",3,3,"$12,642","$10,229","$9,827","$48,021","$37,925","$55,872",3,3,"$12,642","$18,624","$9,827","$75,061","$37,925","$84,854",3,3,"$12,642","$28,285","$9,827","$59,084","$37,925","$67,607",3,3,"$12,642","$22,536"
Productividad de APVS,91%,67%,71%,74%,82%,0.77,,,,,,,,,,,,,,,,,,,,,,,,,,,,,,,,,,,,,,,,,,,,,,,,,,,
% Apvs que cumplieron con su objetivo de ventas,64%,47%,47%,50%,33%,0.482666667,,Acumulado ,Iteam,Acumulado todos los departamentos  Ene - Jun,,,,,,,,,,,,,,,,,,,,,,,,,,,,,,,,,,,,,,,,,,,,,,,
Auditoría Salesforce,,86%,83%,95%,95%,0.718,,,,Obj UN ,UN Real ,Obj UB,UB Real ,Plantilla Obj ,Plantilla Real ,Obj  UB / CL,Real UB / CL,,,,,,,,,,,,,,,,,,,,,,,,,,,,,,,,,,,,,,,,
Apvs oro,4,4,4,0,0,2.4,,,GAC,"$5,149,975","$7,716,213","$12,882,986","$11,353,943",34,31,"$378,911","$366,256",,,,,,,,,,,,,,,,,,,,,,,,,,,,,,,,,,,,,,,,
Apvs plata,3,3,3,5,5,3.8,,,,,,,,,,,,,,,,,,,,,,,,,,,,,,,,,,,,,,,,,,,,,,,,,,,
Avps bronce,7,8,9,9,8,8.2,,,,,,,,,,,,,,,,,,,,,,,,,,,,,,,,,,,,,,,,,,,,,,,,,,,
Indefinidos (Contrato >3 Meses),29,30,37,36,35,33.4,,,,,,,,,,,,,,,,,,,,,,,,,,,,,,,,,,,,,,,,,,,,,,,,,,,
Plantilla con permanencia,88%,81%,97%,90%,88%,0.88765658,,,,,,,,,,,,,,,,,,,,,,,,,,,,,,,,,,,,,,,,,,,,,,,,,,,
